{
  "shares": {
    "Morpho": {
      "shares": 1.2748372503582883,
      "value": 5.297490630136986,
      "time": 1771993128492
    }
  },
  "lastCheck": 1771991240503
}