{
  "shares": {
    "Morpho": {
      "shares": 1.2253794446152044,
      "value": 5.277221068568823,
      "time": 1772236898690
    }
  },
  "lastCheck": 1772236898690
}