{
  "shares": {
    "Morpho": {
      "shares": 1.2253794446152044,
      "value": 5.276389414031705,
      "time": 1772193777425
    }
  },
  "lastCheck": 1772193777425
}